               epoch,      train/box_loss,      train/obj_loss,      train/cls_loss,   metrics/precision,      metrics/recall,     metrics/mAP_0.5,metrics/mAP_0.5:0.95,        val/box_loss,        val/obj_loss,        val/cls_loss,               x/lr0,               x/lr1,               x/lr2
                   0,             0.11878,             0.15666,            0.067553,           0.0039938,            0.034088,            0.002237,          0.00051928,             0.10476,             0.13546,            0.063077,             0.00037,             0.00037,             0.09667
                   1,             0.10648,             0.16371,            0.058993,            0.019124,            0.086174,            0.013113,           0.0029345,            0.095769,             0.12684,            0.056821,          0.00074997,          0.00074997,             0.09325
                   2,            0.091137,             0.17227,            0.050882,             0.76832,            0.061267,            0.035333,           0.0086136,             0.07954,             0.13981,            0.050424,           0.0011298,           0.0011298,             0.08983
                   3,            0.076708,             0.17853,            0.045788,             0.58218,             0.13417,            0.057776,            0.016469,            0.068484,             0.13275,            0.047096,           0.0015095,           0.0015095,             0.08641
                   4,            0.070572,             0.18556,            0.042651,             0.70605,             0.12718,            0.084417,            0.029522,            0.062388,             0.13131,            0.044723,           0.0018889,           0.0018889,            0.082989
                   5,            0.067593,             0.18292,            0.040158,             0.81123,             0.12946,            0.099682,            0.037724,            0.060021,               0.132,            0.042728,            0.002268,            0.002268,            0.079568
                   6,             0.06652,             0.18796,             0.03786,             0.81622,             0.11799,            0.090271,            0.031466,            0.061075,             0.13221,            0.040728,           0.0026466,           0.0026466,            0.076147
                   7,            0.066918,             0.18558,            0.035423,             0.83402,             0.13471,             0.11201,            0.041868,            0.058862,              0.1324,            0.039182,           0.0030247,           0.0030247,            0.072725
                   8,            0.065359,             0.18084,            0.033194,             0.83685,             0.13194,             0.11577,            0.043682,            0.058489,             0.13309,            0.037644,           0.0034023,           0.0034023,            0.069302
                   9,            0.065527,             0.18098,            0.031902,             0.84238,             0.13286,             0.12066,            0.043806,            0.057782,             0.13532,            0.037447,           0.0037791,           0.0037791,            0.065879
                  10,            0.064394,             0.18488,            0.031448,             0.86057,             0.13936,             0.13484,             0.05191,             0.05687,             0.13283,            0.036586,           0.0041552,           0.0041552,            0.062455
                  11,            0.063019,             0.18465,             0.03159,             0.85128,             0.13834,             0.13194,            0.052693,            0.056034,             0.13326,            0.036286,           0.0045305,           0.0045305,             0.05903
                  12,            0.062714,             0.18498,            0.030889,             0.85956,             0.12905,             0.12637,            0.050449,            0.056824,              0.1352,            0.036625,           0.0049048,           0.0049048,            0.055605
                  13,            0.068497,              0.1814,            0.031034,             0.81145,              0.1212,            0.089282,            0.028336,            0.060262,             0.13535,            0.036369,           0.0052782,           0.0052782,            0.052178
                  14,            0.067397,             0.18347,            0.030524,             0.84621,             0.13806,             0.12327,            0.043562,            0.057827,             0.13462,            0.036935,           0.0056505,           0.0056505,             0.04875
                  15,             0.06482,             0.17779,            0.030334,             0.86254,             0.13807,             0.13529,            0.050001,            0.056766,              0.1369,            0.036462,           0.0060216,           0.0060216,            0.045322
                  16,            0.063584,             0.17564,            0.030031,             0.86607,             0.12902,             0.13164,            0.050613,            0.057154,             0.13448,            0.036771,           0.0063915,           0.0063915,            0.041892
                  17,            0.062694,             0.18213,            0.030125,             0.87057,              0.1404,             0.13902,            0.055292,            0.055818,             0.13416,            0.036255,           0.0067601,           0.0067601,             0.03846
                  18,            0.061853,             0.17998,            0.029632,             0.85342,             0.15121,             0.13792,            0.052694,            0.056233,             0.13499,            0.036296,           0.0071274,           0.0071274,            0.035027
                  19,            0.061065,             0.17588,            0.029601,             0.86385,             0.14282,             0.13701,            0.057058,            0.055284,             0.13655,            0.036496,           0.0074931,           0.0074931,            0.031593
                  20,            0.060838,             0.17958,              0.0288,             0.85986,             0.12359,             0.12663,            0.050866,            0.056687,             0.13635,             0.03648,           0.0078573,           0.0078573,            0.028157
                  21,            0.060164,             0.17909,            0.028692,             0.85845,             0.14122,             0.13839,            0.055167,             0.05565,             0.13643,            0.036901,           0.0082199,           0.0082199,             0.02472
                  22,            0.060176,             0.17472,            0.029396,             0.84754,             0.14695,             0.13222,            0.050715,            0.056923,             0.13875,            0.036279,           0.0085808,           0.0085808,            0.021281
                  23,            0.059064,             0.17602,            0.029264,             0.86585,              0.1317,             0.13208,            0.053818,            0.055893,             0.13546,            0.035749,             0.00894,             0.00894,             0.01784
                  24,            0.058089,             0.17837,            0.028967,             0.85877,             0.14081,             0.13922,            0.056379,            0.055967,             0.13595,            0.035938,           0.0092972,           0.0092972,            0.014397
                  25,            0.058909,             0.17513,             0.02818,             0.86539,             0.12926,             0.13099,            0.053493,            0.056687,             0.13944,            0.036996,           0.0096526,           0.0096526,            0.010953
                  26,             0.05771,             0.17874,            0.028297,              0.8588,             0.14312,             0.13965,             0.05695,            0.055541,             0.13768,              0.0369,           0.0097619,           0.0097619,           0.0097619
                  27,            0.056993,             0.17733,            0.027884,             0.86634,              0.1358,             0.13758,            0.058894,            0.055518,             0.13524,            0.036814,           0.0097619,           0.0097619,           0.0097619
                  28,            0.057289,             0.17742,            0.027927,             0.85906,             0.14396,             0.13851,            0.056781,            0.056056,             0.13878,            0.036206,           0.0097435,           0.0097435,           0.0097435
                  29,            0.056482,             0.17565,            0.027798,             0.85233,             0.14824,             0.14022,            0.057215,            0.055647,             0.13578,            0.036306,           0.0097243,           0.0097243,           0.0097243
                  30,            0.056076,             0.17709,            0.027633,             0.86179,             0.14728,             0.14427,            0.061369,            0.054357,              0.1366,            0.036421,           0.0097045,           0.0097045,           0.0097045
                  31,            0.055279,             0.17222,            0.027249,             0.86436,             0.13832,             0.13913,            0.060285,            0.054327,              0.1361,            0.036317,            0.009684,            0.009684,            0.009684
                  32,            0.055623,             0.17101,            0.027666,             0.87271,             0.12988,             0.13844,            0.057672,            0.055969,             0.13906,            0.036724,           0.0096628,           0.0096628,           0.0096628
                  33,            0.054506,             0.17319,            0.027472,             0.86111,             0.14159,             0.14577,            0.063464,            0.054422,             0.13798,            0.036368,            0.009641,            0.009641,            0.009641
                  34,            0.055374,             0.17719,            0.026624,              0.8598,             0.13801,             0.14338,            0.063273,            0.054347,             0.13717,            0.037253,           0.0096186,           0.0096186,           0.0096186
                  35,            0.053994,             0.17317,             0.02709,             0.86304,              0.1408,             0.14917,             0.06493,            0.054203,             0.13669,            0.035704,           0.0095955,           0.0095955,           0.0095955
                  36,            0.055492,             0.17398,            0.026484,             0.86338,             0.14283,              0.1511,            0.065125,            0.054708,             0.13688,            0.036345,           0.0095717,           0.0095717,           0.0095717
                  37,            0.053316,             0.17401,            0.027023,             0.86029,             0.15014,             0.15001,            0.066726,            0.053575,             0.13834,            0.036059,           0.0095473,           0.0095473,           0.0095473
                  38,            0.053133,             0.16977,            0.026809,             0.66004,             0.20223,             0.14748,             0.06429,            0.053864,             0.13639,            0.036415,           0.0095223,           0.0095223,           0.0095223
                  39,            0.053709,             0.17032,            0.026608,             0.86536,             0.14451,             0.15401,            0.065952,            0.054727,             0.13896,            0.036078,           0.0094966,           0.0094966,           0.0094966
                  40,            0.053902,             0.17185,            0.027146,             0.66218,             0.20058,              0.1572,            0.067503,             0.05435,              0.1403,            0.035941,           0.0094703,           0.0094703,           0.0094703
                  41,            0.053507,             0.17038,            0.026297,             0.67082,             0.19781,             0.15647,            0.068982,            0.053898,             0.13973,            0.036923,           0.0094434,           0.0094434,           0.0094434
                  42,            0.053245,             0.16732,             0.02577,             0.65976,             0.20309,              0.1549,            0.068084,            0.053806,             0.13577,            0.036187,           0.0094158,           0.0094158,           0.0094158
                  43,            0.052733,             0.17336,            0.025507,             0.66473,             0.21504,             0.15972,            0.069705,            0.054042,             0.13631,            0.035963,           0.0093877,           0.0093877,           0.0093877
                  44,            0.052578,             0.17009,            0.026097,              0.8701,             0.13694,             0.15376,            0.068287,            0.054217,             0.13959,            0.036907,           0.0093589,           0.0093589,           0.0093589
                  45,            0.052075,             0.16826,            0.025929,             0.69489,             0.17993,             0.15894,            0.068307,            0.054228,             0.13815,             0.03663,           0.0093295,           0.0093295,           0.0093295
                  46,            0.052072,             0.16755,            0.026104,             0.67636,             0.18721,              0.1541,            0.068652,            0.053661,             0.13909,            0.036038,           0.0092995,           0.0092995,           0.0092995
                  47,            0.052219,             0.16897,            0.025459,             0.66396,             0.20761,             0.15586,            0.067877,            0.053495,             0.13872,            0.036064,           0.0092689,           0.0092689,           0.0092689
                  48,            0.051829,             0.16782,            0.025372,             0.66596,             0.20789,             0.15658,            0.068822,            0.054159,             0.13939,            0.036394,           0.0092377,           0.0092377,           0.0092377
                  49,            0.052099,             0.16604,            0.025732,              0.6843,             0.19431,             0.15326,            0.067538,            0.053332,              0.1396,            0.036713,           0.0092059,           0.0092059,           0.0092059
                  50,            0.051854,             0.16979,             0.02523,             0.66479,             0.21251,             0.15707,            0.068073,             0.05448,             0.13887,            0.036409,           0.0091735,           0.0091735,           0.0091735
                  51,            0.051415,             0.16937,            0.025138,             0.67233,             0.19276,             0.15439,            0.066847,            0.054279,             0.14049,            0.037819,           0.0091406,           0.0091406,           0.0091406
                  52,             0.05182,             0.16687,            0.024964,             0.67399,             0.20401,             0.15821,            0.069945,            0.053787,             0.13999,            0.036306,           0.0091071,           0.0091071,           0.0091071
                  53,            0.051591,             0.16925,            0.025224,             0.64983,             0.22752,             0.16016,            0.070495,            0.053691,             0.14167,             0.03755,            0.009073,            0.009073,            0.009073
                  54,            0.051607,             0.16802,            0.024788,             0.70158,              0.1579,              0.1534,            0.068532,            0.054433,             0.13796,            0.036457,           0.0090383,           0.0090383,           0.0090383
                  55,            0.051683,             0.16272,            0.024682,              0.6862,             0.17868,             0.15103,            0.065838,             0.05411,             0.14212,            0.037661,           0.0090031,           0.0090031,           0.0090031
                  56,            0.051661,              0.1711,            0.024731,             0.67985,               0.188,             0.15396,            0.068435,            0.053924,             0.14136,            0.036979,           0.0089673,           0.0089673,           0.0089673
                  57,            0.050755,             0.16272,            0.024729,             0.67277,             0.18566,              0.1455,            0.063828,            0.055216,              0.1411,            0.037395,            0.008931,            0.008931,            0.008931
                  58,            0.050691,             0.16581,            0.024492,             0.67403,             0.19422,             0.15282,            0.067579,            0.053988,             0.14374,            0.038145,           0.0088941,           0.0088941,           0.0088941
                  59,            0.051384,             0.16282,            0.024558,             0.68748,             0.18626,             0.15343,            0.068373,            0.053624,             0.14184,            0.037075,           0.0088567,           0.0088567,           0.0088567
                  60,            0.050687,             0.16609,            0.023973,             0.67571,             0.20042,              0.1566,            0.069115,            0.053663,             0.14162,            0.037424,           0.0088188,           0.0088188,           0.0088188
                  61,            0.051223,             0.16459,            0.023935,             0.67661,             0.17904,             0.15115,            0.065949,            0.054918,             0.14159,            0.038045,           0.0087804,           0.0087804,           0.0087804
                  62,             0.05096,             0.16713,            0.024455,             0.67838,             0.17259,              0.1532,            0.065703,             0.05488,             0.14065,            0.038011,           0.0087414,           0.0087414,           0.0087414
                  63,             0.05013,              0.1632,            0.023846,              0.6848,             0.17672,             0.15242,            0.066958,            0.053792,             0.14118,            0.036759,           0.0087019,           0.0087019,           0.0087019
                  64,            0.050806,             0.16427,             0.02405,             0.68361,             0.17961,              0.1505,            0.065459,            0.054461,             0.14483,            0.038558,           0.0086619,           0.0086619,           0.0086619
                  65,            0.050022,             0.16579,            0.024209,             0.68445,             0.18513,             0.15397,            0.068505,            0.053951,             0.14449,             0.03784,           0.0086214,           0.0086214,           0.0086214
                  66,            0.050111,             0.16496,            0.023488,             0.60454,             0.19116,             0.14729,            0.065195,            0.054154,             0.14209,            0.039417,           0.0085805,           0.0085805,           0.0085805
                  67,            0.050032,             0.16242,            0.024316,             0.50757,             0.21018,             0.14934,             0.06532,            0.054378,             0.14238,            0.038563,            0.008539,            0.008539,            0.008539
                  68,            0.050353,             0.16478,            0.023928,             0.64752,             0.16919,             0.15086,            0.066957,            0.054277,             0.14273,             0.03835,           0.0084971,           0.0084971,           0.0084971
                  69,            0.049722,             0.16239,            0.024008,             0.68516,             0.17403,             0.15649,             0.07108,             0.05298,             0.13979,             0.03777,           0.0084546,           0.0084546,           0.0084546
                  70,            0.049824,             0.16548,             0.02366,             0.56977,             0.21952,             0.14913,            0.064693,            0.054904,             0.14384,            0.039155,           0.0084118,           0.0084118,           0.0084118
                  71,            0.050339,              0.1658,            0.022896,             0.59576,             0.17728,              0.1434,            0.061443,            0.056051,             0.14219,             0.03872,           0.0083684,           0.0083684,           0.0083684
                  72,            0.049368,             0.16212,            0.023405,              0.6657,             0.18681,             0.14465,            0.064442,            0.054376,             0.14265,            0.039384,           0.0083246,           0.0083246,           0.0083246
                  73,            0.049632,             0.16105,            0.022833,             0.50374,             0.20397,             0.14983,            0.065834,            0.054581,             0.14504,            0.038972,           0.0082804,           0.0082804,           0.0082804
                  74,             0.04913,             0.16031,            0.022981,             0.60425,              0.1701,             0.14209,             0.06207,            0.054467,             0.14107,            0.040709,           0.0082357,           0.0082357,           0.0082357
                  75,            0.049463,             0.16383,            0.023086,             0.49461,             0.20894,             0.14216,            0.062936,            0.055325,             0.14291,            0.040715,           0.0081906,           0.0081906,           0.0081906
                  76,            0.049467,             0.16131,            0.022785,             0.49319,             0.19827,             0.14568,            0.064089,            0.054011,             0.14599,            0.039621,            0.008145,            0.008145,            0.008145
                  77,            0.049434,             0.16282,            0.022857,             0.58065,             0.21642,             0.14995,            0.066615,            0.054477,             0.14447,            0.040176,           0.0080991,           0.0080991,           0.0080991
                  78,            0.049324,             0.16312,            0.022882,             0.52586,             0.22872,             0.14714,            0.065263,             0.05471,              0.1468,            0.039323,           0.0080527,           0.0080527,           0.0080527
                  79,            0.048863,             0.16221,            0.022932,             0.50857,             0.21409,             0.14351,             0.06269,            0.054609,             0.14582,            0.039664,           0.0080059,           0.0080059,           0.0080059
                  80,            0.048936,             0.16131,            0.022578,             0.52229,             0.21314,             0.14163,            0.061769,            0.055926,             0.14603,            0.040891,           0.0079588,           0.0079588,           0.0079588
                  81,            0.048842,             0.16186,            0.022694,             0.53241,             0.20405,              0.1436,             0.06321,            0.055371,             0.14481,            0.040047,           0.0079112,           0.0079112,           0.0079112
                  82,            0.049789,             0.16151,            0.022272,             0.51452,             0.22355,             0.14605,            0.063845,            0.054709,             0.14843,            0.039625,           0.0078633,           0.0078633,           0.0078633
                  83,            0.048684,               0.157,            0.022601,             0.60158,             0.17324,             0.14182,            0.062253,            0.055069,             0.14491,            0.041089,            0.007815,            0.007815,            0.007815
                  84,            0.048584,             0.16368,            0.023075,             0.60929,              0.1933,             0.14923,            0.066254,            0.054296,             0.14491,            0.039687,           0.0077663,           0.0077663,           0.0077663
                  85,            0.048534,             0.16048,            0.022419,             0.51884,             0.23123,             0.14722,            0.064391,            0.054797,             0.14578,            0.040037,           0.0077173,           0.0077173,           0.0077173
                  86,            0.048571,             0.16103,            0.021758,             0.49036,             0.23343,             0.15052,            0.065816,            0.053946,             0.14527,            0.039489,           0.0076679,           0.0076679,           0.0076679
                  87,            0.047844,             0.15956,            0.022195,              0.4909,             0.26095,             0.15392,            0.068019,            0.054361,              0.1468,            0.038676,           0.0076182,           0.0076182,           0.0076182
                  88,            0.048572,             0.16454,            0.021592,             0.49729,             0.23351,             0.14725,            0.064778,            0.055526,             0.14632,            0.039992,           0.0075681,           0.0075681,           0.0075681
                  89,            0.048335,             0.15867,            0.021599,             0.49396,             0.22784,             0.13827,             0.06007,            0.055668,             0.14797,              0.0411,           0.0075177,           0.0075177,           0.0075177
                  90,            0.048415,             0.15937,            0.021909,             0.52372,             0.18653,             0.14074,            0.061885,            0.054998,             0.14775,            0.041471,            0.007467,            0.007467,            0.007467
                  91,            0.048404,             0.15997,            0.021874,             0.62302,             0.16601,             0.14419,            0.063819,            0.053853,             0.14653,            0.039761,            0.007416,            0.007416,            0.007416
                  92,             0.04814,             0.16047,            0.021806,             0.49942,             0.22646,             0.14876,            0.064714,            0.054345,             0.14643,            0.040837,           0.0073647,           0.0073647,           0.0073647
                  93,            0.048352,             0.16255,            0.021686,             0.49552,             0.21846,             0.14508,            0.063772,            0.055176,             0.15007,             0.04105,           0.0073131,           0.0073131,           0.0073131
                  94,            0.047975,             0.15725,            0.021467,             0.51382,             0.21013,             0.14337,            0.061489,            0.056103,             0.14857,             0.04146,           0.0072612,           0.0072612,           0.0072612
                  95,            0.048163,             0.16111,            0.021562,             0.50658,              0.1864,               0.141,            0.059893,            0.055745,             0.14796,            0.041392,            0.007209,            0.007209,            0.007209
                  96,            0.047874,             0.16013,            0.021791,             0.50373,             0.19566,             0.13316,            0.057118,            0.056592,             0.15084,            0.042516,           0.0071566,           0.0071566,           0.0071566
                  97,            0.047431,             0.15745,            0.021863,             0.50448,             0.23044,             0.14448,            0.064068,            0.054795,             0.14728,            0.040215,           0.0071039,           0.0071039,           0.0071039
                  98,            0.047469,             0.15804,            0.021253,               0.549,              0.1966,             0.14843,            0.064998,            0.054852,             0.14937,            0.040572,           0.0070509,           0.0070509,           0.0070509
                  99,            0.047718,             0.15886,            0.020847,             0.54732,             0.18916,             0.14266,            0.063882,            0.054798,             0.14864,            0.040959,           0.0069977,           0.0069977,           0.0069977
                 100,            0.047372,             0.15745,            0.020835,             0.54696,             0.19027,             0.14316,            0.062066,            0.055482,             0.14859,            0.041335,           0.0069442,           0.0069442,           0.0069442
                 101,            0.047046,             0.15803,            0.020921,             0.49496,               0.237,             0.14555,            0.063488,            0.054608,             0.14904,            0.041279,           0.0068906,           0.0068906,           0.0068906
                 102,            0.047273,             0.16226,             0.02074,             0.48978,             0.20075,             0.13802,            0.060481,              0.0552,             0.14988,            0.042069,           0.0068367,           0.0068367,           0.0068367
                 103,            0.047569,             0.15775,            0.020926,             0.50531,             0.17841,             0.13207,            0.057989,            0.055879,              0.1507,            0.043221,           0.0067826,           0.0067826,           0.0067826
                 104,            0.047463,             0.15896,            0.020826,             0.52252,             0.19247,             0.13674,            0.059397,            0.055807,             0.15033,            0.041685,           0.0067283,           0.0067283,           0.0067283
                 105,            0.047072,             0.15789,            0.020493,             0.52115,             0.20017,             0.13819,            0.061757,            0.054725,             0.14948,            0.042285,           0.0066738,           0.0066738,           0.0066738
                 106,            0.047132,             0.15578,            0.020615,             0.54006,             0.18146,             0.13627,            0.061819,            0.054504,             0.14824,            0.043062,           0.0066191,           0.0066191,           0.0066191
                 107,            0.047131,             0.15681,            0.020424,             0.51963,             0.19147,             0.13317,            0.058346,            0.055889,             0.14913,            0.042637,           0.0065642,           0.0065642,           0.0065642
                 108,             0.04712,             0.16083,             0.02066,             0.53403,             0.18793,              0.1377,             0.06011,            0.055449,              0.1523,            0.043006,           0.0065092,           0.0065092,           0.0065092
                 109,            0.046755,             0.15549,            0.020428,             0.50534,             0.19255,             0.13516,            0.058081,            0.056582,             0.14886,             0.04383,            0.006454,            0.006454,            0.006454
                 110,            0.047059,             0.15953,            0.020271,               0.516,             0.18271,             0.13619,            0.060334,            0.055269,             0.15273,            0.041719,           0.0063987,           0.0063987,           0.0063987
                 111,            0.047109,             0.15875,            0.019987,             0.51547,             0.18472,             0.13853,            0.060749,            0.054782,             0.15161,            0.043101,           0.0063432,           0.0063432,           0.0063432
                 112,            0.046746,              0.1545,            0.020341,             0.50629,             0.19461,             0.12974,            0.056078,             0.05646,             0.15226,             0.04524,           0.0062876,           0.0062876,           0.0062876
                 113,              0.0468,             0.15758,            0.020206,             0.49308,             0.22929,             0.13755,            0.060414,            0.055073,             0.15067,            0.045153,           0.0062319,           0.0062319,           0.0062319
                 114,            0.046196,             0.15454,            0.020397,             0.49063,             0.20615,             0.14573,            0.065137,            0.055184,             0.15204,             0.04235,            0.006176,            0.006176,            0.006176
                 115,            0.046981,             0.15784,            0.019798,             0.50196,             0.19624,             0.13341,            0.058561,            0.055698,             0.15274,            0.043131,           0.0061201,           0.0061201,           0.0061201
                 116,            0.046911,             0.15621,            0.020145,             0.51254,             0.17705,             0.13385,            0.058558,            0.055976,              0.1513,            0.044276,            0.006064,            0.006064,            0.006064
                 117,            0.046173,             0.15475,            0.020386,             0.55825,              0.1703,             0.13254,            0.059114,            0.055845,             0.15269,            0.043313,           0.0060079,           0.0060079,           0.0060079
                 118,            0.047089,             0.15714,            0.019623,             0.50334,             0.18907,             0.12757,            0.055815,            0.056279,             0.15196,            0.044752,           0.0059516,           0.0059516,           0.0059516
                 119,            0.046491,             0.15402,            0.019446,             0.51745,             0.19972,             0.13449,            0.058289,            0.055604,             0.15352,            0.044588,           0.0058953,           0.0058953,           0.0058953
                 120,            0.046212,             0.15598,            0.019914,             0.52539,             0.17958,             0.12943,            0.055734,            0.056501,             0.15545,            0.044237,            0.005839,            0.005839,            0.005839
                 121,            0.046494,             0.15864,            0.019503,             0.50797,             0.20018,             0.13626,            0.059373,            0.055823,             0.15465,            0.044456,           0.0057826,           0.0057826,           0.0057826
                 122,            0.046044,             0.15177,            0.019378,             0.60744,             0.17251,             0.13539,            0.059044,            0.055493,              0.1517,            0.044264,           0.0057261,           0.0057261,           0.0057261
                 123,            0.045985,             0.15649,            0.019488,             0.49849,             0.20484,             0.13838,            0.060184,            0.055755,             0.15411,            0.045008,           0.0056696,           0.0056696,           0.0056696
                 124,            0.046509,              0.1563,            0.019478,             0.49969,             0.20288,             0.13918,            0.058929,             0.05583,             0.15543,             0.04398,           0.0056131,           0.0056131,           0.0056131
                 125,            0.046145,             0.15365,            0.019258,             0.50023,             0.18207,             0.13691,            0.059648,            0.055464,             0.15259,            0.044636,           0.0055565,           0.0055565,           0.0055565
                 126,            0.045524,             0.15362,             0.01903,             0.52331,             0.17894,              0.1344,            0.059308,            0.054808,             0.15426,             0.04579,              0.0055,              0.0055,              0.0055
                 127,            0.046387,             0.15396,            0.018594,             0.50232,             0.19113,             0.13374,            0.058866,            0.055484,             0.15542,            0.044796,           0.0054435,           0.0054435,           0.0054435
                 128,             0.04583,             0.15246,              0.0188,             0.53037,             0.18244,             0.13916,            0.059348,            0.056289,             0.15632,              0.0452,           0.0053869,           0.0053869,           0.0053869
                 129,            0.045852,             0.15197,            0.018987,             0.51401,             0.19054,             0.14901,            0.063728,            0.056067,             0.15537,            0.045774,           0.0053304,           0.0053304,           0.0053304
                 130,             0.04586,             0.15305,            0.018816,             0.51394,             0.19144,             0.14473,            0.060641,            0.056222,             0.15659,            0.046047,           0.0052739,           0.0052739,           0.0052739
                 131,            0.045839,             0.15252,            0.018893,             0.51723,             0.17973,              0.1347,            0.058072,            0.055729,             0.15445,            0.045954,           0.0052174,           0.0052174,           0.0052174
                 132,            0.045513,             0.15417,            0.018305,             0.49391,             0.18202,             0.13435,            0.056992,            0.055946,             0.15378,            0.045623,            0.005161,            0.005161,            0.005161
                 133,            0.045421,             0.15371,            0.018623,              0.5276,             0.15782,             0.12851,            0.056272,            0.056567,             0.15753,            0.045754,           0.0051047,           0.0051047,           0.0051047
                 134,            0.045801,             0.15256,            0.018776,             0.51774,             0.17419,             0.12483,             0.05493,             0.05625,             0.15348,             0.04702,           0.0050484,           0.0050484,           0.0050484
                 135,            0.045392,               0.152,            0.018657,             0.50128,             0.20386,              0.1363,            0.059389,            0.055297,             0.15489,            0.045231,           0.0049921,           0.0049921,           0.0049921
                 136,            0.044992,             0.15203,            0.018358,             0.50164,             0.19961,             0.12925,            0.056312,            0.056115,             0.15418,            0.046938,            0.004936,            0.004936,            0.004936
                 137,            0.045424,             0.15471,              0.0185,             0.48925,             0.20234,             0.13256,            0.056106,             0.05611,             0.15666,            0.047254,           0.0048799,           0.0048799,           0.0048799
                 138,            0.044974,             0.15393,            0.018285,             0.49876,             0.18703,             0.13453,             0.05702,            0.056056,             0.15816,            0.048003,            0.004824,            0.004824,            0.004824
                 139,            0.045188,             0.15175,            0.018265,             0.49402,             0.18941,             0.12624,            0.054039,            0.056609,             0.15563,             0.04716,           0.0047681,           0.0047681,           0.0047681
                 140,             0.04537,             0.14978,            0.017712,             0.49659,             0.20104,             0.12862,             0.05518,            0.056414,             0.15624,            0.047498,           0.0047124,           0.0047124,           0.0047124
                 141,            0.045105,             0.14918,            0.017957,              0.5035,             0.19925,             0.13847,            0.060453,            0.055422,             0.15398,            0.046097,           0.0046568,           0.0046568,           0.0046568
                 142,            0.044888,             0.15052,            0.017785,             0.53152,              0.1617,             0.14003,            0.059735,            0.055494,             0.15417,            0.045554,           0.0046013,           0.0046013,           0.0046013
                 143,            0.045024,             0.14772,            0.018157,             0.52639,              0.1779,             0.12964,              0.0568,            0.056071,              0.1577,            0.047422,            0.004546,            0.004546,            0.004546
                 144,            0.045015,             0.15092,            0.017253,             0.51041,             0.18965,             0.13667,            0.059282,            0.055642,             0.15587,            0.047051,           0.0044908,           0.0044908,           0.0044908
                 145,            0.044804,             0.14927,            0.017472,             0.49383,             0.18015,             0.13205,             0.05636,            0.056368,             0.15812,            0.049417,           0.0044358,           0.0044358,           0.0044358
                 146,            0.044866,             0.15218,            0.017526,             0.47941,             0.20934,             0.13591,            0.058246,            0.055762,              0.1565,             0.04819,           0.0043809,           0.0043809,           0.0043809
                 147,            0.044739,             0.14899,            0.017602,             0.51406,             0.18424,              0.1396,            0.058874,            0.056151,             0.15469,             0.04762,           0.0043262,           0.0043262,           0.0043262
                 148,            0.044488,             0.14817,            0.017901,             0.49784,             0.18803,             0.13391,            0.057705,            0.056605,             0.15894,            0.047767,           0.0042717,           0.0042717,           0.0042717
                 149,            0.044919,             0.15101,             0.01705,             0.48978,             0.20179,              0.1296,            0.056394,            0.055724,              0.1566,            0.047838,           0.0042174,           0.0042174,           0.0042174
                 150,            0.044699,             0.15023,            0.017229,             0.49395,              0.1809,             0.12802,            0.055298,            0.056053,             0.15737,            0.048721,           0.0041633,           0.0041633,           0.0041633
                 151,            0.043989,             0.15003,            0.017401,             0.49839,             0.19043,             0.12429,            0.054345,            0.056854,             0.16211,            0.048749,           0.0041094,           0.0041094,           0.0041094
                 152,            0.044249,             0.14884,            0.017273,             0.50765,             0.17386,             0.11899,            0.052578,            0.056763,              0.1587,            0.050744,           0.0040558,           0.0040558,           0.0040558
                 153,            0.044659,             0.15022,            0.017132,             0.48096,             0.20681,              0.1277,            0.055271,            0.056567,             0.15938,            0.048131,           0.0040023,           0.0040023,           0.0040023
                 154,            0.044402,             0.15113,            0.016984,             0.48394,             0.19162,             0.12517,            0.054308,            0.056435,             0.15767,            0.048146,           0.0039491,           0.0039491,           0.0039491
                 155,            0.044338,             0.14944,            0.016909,             0.49718,             0.16422,              0.1268,            0.055811,            0.055952,             0.15734,            0.048948,           0.0038961,           0.0038961,           0.0038961
                 156,               0.044,             0.14708,            0.016791,              0.4864,             0.20428,             0.13058,            0.056496,            0.055697,              0.1568,             0.04882,           0.0038434,           0.0038434,           0.0038434
                 157,            0.043796,             0.14892,            0.016767,             0.50165,             0.18297,             0.12422,             0.05379,            0.056431,             0.15916,            0.048576,            0.003791,            0.003791,            0.003791
                 158,            0.043945,             0.14731,            0.016359,             0.48808,             0.20212,             0.12437,            0.054275,            0.056646,             0.16005,             0.04899,           0.0037388,           0.0037388,           0.0037388
                 159,            0.044516,             0.15085,            0.016686,             0.48715,             0.20171,             0.13108,             0.05674,            0.055983,             0.15862,            0.049227,           0.0036869,           0.0036869,           0.0036869
                 160,            0.043704,             0.14841,            0.016883,             0.51502,             0.17545,             0.12682,            0.055929,            0.056296,             0.16088,            0.049457,           0.0036353,           0.0036353,           0.0036353
                 161,            0.043458,             0.14654,            0.016037,             0.52375,             0.16192,             0.12513,            0.055224,            0.056219,             0.15953,            0.050661,            0.003584,            0.003584,            0.003584
                 162,            0.043395,             0.14703,            0.016204,             0.49956,             0.16695,             0.12203,            0.053159,            0.056443,             0.15834,            0.051011,            0.003533,            0.003533,            0.003533
                 163,            0.043467,             0.14725,            0.016109,             0.51837,             0.17192,             0.12359,            0.052697,             0.05672,             0.16126,            0.051088,           0.0034823,           0.0034823,           0.0034823
                 164,            0.043497,             0.14831,            0.016536,             0.38467,             0.21554,             0.12407,            0.054629,            0.056497,             0.15983,            0.051386,           0.0034319,           0.0034319,           0.0034319
                 165,            0.043399,             0.14814,            0.016574,             0.31938,             0.27378,             0.13337,            0.056717,            0.057074,             0.16043,            0.048898,           0.0033818,           0.0033818,           0.0033818
                 166,            0.042988,             0.14587,            0.015956,             0.31419,             0.24573,             0.12939,            0.055376,            0.057136,             0.16315,            0.049893,           0.0033321,           0.0033321,           0.0033321
                 167,            0.043716,             0.14805,            0.016261,             0.49933,             0.19312,              0.1246,            0.053975,            0.056524,             0.15917,            0.049037,           0.0032827,           0.0032827,           0.0032827
                 168,            0.043087,             0.14661,            0.016143,             0.51627,             0.17212,             0.11904,             0.05094,            0.057565,             0.16199,            0.050763,           0.0032337,           0.0032337,           0.0032337
                 169,            0.043547,             0.14792,            0.015912,             0.30602,             0.26336,              0.1288,            0.055776,            0.056186,             0.16113,            0.051445,            0.003185,            0.003185,            0.003185
